instrument,datetime,open,high,low,close
XAUUSD,2026-08-11 02:00:00+00:00,4429.705,4435.245,4408.09,4410.975
XAUUSD,2026-08-11 03:00:00+00:00,4410.96,4421.675,4409.835,4416.9
XAUUSD,2026-08-11 04:00:00+00:00,4416.895,4420.5,4403.49,4409.005
XAUUSD,2026-08-11 05:00:00+00:00,4408.995,4409.15,4367.52,4375.47
XAUUSD,2026-08-11 06:00:00+00:00,4375.47,4382.7,4359.675,4366.325
XAUUSD,2026-08-11 07:00:00+00:00,4366.315,4367.97,4356.7,4357.655
XAUUSD,2026-08-11 08:00:00+00:00,4357.635,4376.765,4357.0,4369.29
XAUUSD,2026-08-11 09:00:00+00:00,4369.245,4375.655,4367.675,4372.505
XAUUSD,2026-08-11 10:00:00+00:00,4372.57,4382.77,4371.37,4382.56
XAUUSD,2026-08-11 11:00:00+00:00,4382.485,4393.11,4380.565,4387.8
XAUUSD,2026-08-11 12:00:00+00:00,4387.8,4400.185,4383.875,4392.53
XAUUSD,2026-08-11 13:00:00+00:00,4392.52,4404.29,4384.645,4389.5
XAUUSD,2026-08-11 14:00:00+00:00,4389.35,4397.99,4381.29,4394.125
XAUUSD,2026-08-11 15:00:00+00:00,4394.175,4398.83,4369.15,4383.905
XAUUSD,2026-08-11 16:00:00+00:00,4383.92,4385.9,4378.52,4383.46
XAUUSD,2026-08-11 17:00:00+00:00,4383.5,4385.765,4368.935,4369.19
XAUUSD,2026-08-11 18:00:00+00:00,4369.225,4372.69,4360.295,4371.59
XAUUSD,2026-08-11 19:00:00+00:00,4371.655,4374.28,4361.265,4370.74
XAUUSD,2026-08-11 20:00:00+00:00,4370.745,4371.225,4367.18,4368.245
XAUUSD,2026-08-11 22:00:00+00:00,4372.355,4378.52,4367.28,4369.2
XAUUSD,2026-08-11 23:00:00+00:00,4369.19,4374.77,4362.655,4371.645
XAUUSD,2026-08-12 00:00:00+00:00,4371.65,4383.8,4366.54,4380.5
XAUUSD,2026-08-12 01:00:00+00:00,4380.585,4397.42,4378.445,4396.5
XAUUSD,2026-08-12 02:00:00+00:00,4396.505,4414.5,4394.21,4411.32
XAUUSD,2026-08-12 03:00:00+00:00,4411.355,4416.25,4401.065,4402.36
XAUUSD,2026-08-12 04:00:00+00:00,4402.365,4403.425,4395.44,4401.175
XAUUSD,2026-08-12 05:00:00+00:00,4401.125,4404.88,4384.02,4391.025
XAUUSD,2026-08-12 06:00:00+00:00,4391.01,4406.445,4385.235,4403.55
XAUUSD,2026-08-12 07:00:00+00:00,4403.545,4410.145,4398.345,4406.355
XAUUSD,2026-08-12 08:00:00+00:00,4406.355,4410.545,4401.8,4401.895
XAUUSD,2026-08-12 09:00:00+00:00,4401.95,4424.46,4401.925,4416.055
XAUUSD,2026-08-12 10:00:00+00:00,4416.09,4421.025,4407.575,4412.88
XAUUSD,2026-08-12 11:00:00+00:00,4412.885,4416.805,4407.995,4412.935
XAUUSD,2026-08-12 12:00:00+00:00,4412.955,4438.305,4382.485,4437.37
XAUUSD,2026-08-12 13:00:00+00:00,4437.37,4441.315,4408.65,4427.53
XAUUSD,2026-08-12 14:00:00+00:00,4427.535,4439.75,4416.545,4422.16
XAUUSD,2026-08-12 15:00:00+00:00,4422.245,4430.14,4411.145,4421.17
XAUUSD,2026-08-12 16:00:00+00:00,4421.145,4426.57,4396.575,4401.68
XAUUSD,2026-08-12 17:00:00+00:00,4401.685,4411.575,4399.135,4399.62
XAUUSD,2026-08-12 18:00:00+00:00,4399.625,4418.005,4396.575,4413.165
XAUUSD,2026-08-12 19:00:00+00:00,4413.185,4418.475,4408.335,4414.01
XAUUSD,2026-08-12 20:00:00+00:00,4414.08,4414.37,4406.725,4408.525
XAUUSD,2026-08-12 22:00:00+00:00,4405.785,4405.8,4398.43,4401.865
XAUUSD,2026-08-12 23:00:00+00:00,4401.835,4414.62,4401.835,4414.515
XAUUSD,2026-08-13 00:00:00+00:00,4414.565,4449.83,4413.06,4427.76
XAUUSD,2026-08-13 01:00:00+00:00,4427.71,4435.44,4406.33,4408.55
XAUUSD,2026-08-13 02:00:00+00:00,4408.5,4414.245,4399.135,4407.215
XAUUSD,2026-08-13 03:00:00+00:00,4407.145,4412.29,4398.78,4400.3
XAUUSD,2026-08-13 04:00:00+00:00,4400.235,4400.525,4391.615,4397.825
XAUUSD,2026-08-13 05:00:00+00:00,4397.85,4407.31,4380.63,4383.06
XAUUSD,2026-08-13 06:00:00+00:00,4383.12,4385.68,4369.035,4381.075
XAUUSD,2026-08-13 07:00:00+00:00,4381.06,4381.84,4369.405,4369.96
XAUUSD,2026-08-13 08:00:00+00:00,4369.93,4379.355,4364.17,4376.025
XAUUSD,2026-08-13 09:00:00+00:00,4375.995,4384.92,4372.605,4384.635
XAUUSD,2026-08-13 10:00:00+00:00,4384.66,4393.86,4381.51,4392.245
XAUUSD,2026-08-13 11:00:00+00:00,4392.215,4396.715,4382.99,4387.865
XAUUSD,2026-08-13 12:00:00+00:00,4387.8,4401.9,4380.88,4401.82
XAUUSD,2026-08-13 13:00:00+00:00,4401.745,4402.215,4370.84,4373.045
XAUUSD,2026-08-13 14:00:00+00:00,4373.055,4387.19,4357.395,4383.705
XAUUSD,2026-08-13 15:00:00+00:00,4383.725,4385.73,4357.755,4365.145
XAUUSD,2026-08-13 16:00:00+00:00,4365.13,4368.5,4351.355,4366.95
XAUUSD,2026-08-13 17:00:00+00:00,4367.0,4373.435,4355.81,4356.06
XAUUSD,2026-08-13 18:00:00+00:00,4356.05,4363.73,4354.75,4357.045
XAUUSD,2026-08-13 19:00:00+00:00,4357.125,4358.97,4343.65,4350.255
XAUUSD,2026-08-13 20:00:00+00:00,4350.235,4352.28,4346.985,4351.27
XAUUSD,2026-08-13 22:00:00+00:00,4353.405,4362.945,4353.015,4354.91
XAUUSD,2026-08-13 23:00:00+00:00,4354.92,4364.45,4349.315,4356.475
XAUUSD,2026-08-14 00:00:00+00:00,4356.46,4362.045,4329.42,4341.095
XAUUSD,2026-08-14 01:00:00+00:00,4341.085,4341.325,4312.22,4318.255
XAUUSD,2026-08-14 02:00:00+00:00,4318.26,4322.94,4311.27,4315.84
XAUUSD,2026-08-14 03:00:00+00:00,4315.76,4328.465,4313.835,4323.66
XAUUSD,2026-08-14 04:00:00+00:00,4323.67,4328.225,4322.855,4327.015
XAUUSD,2026-08-14 05:00:00+00:00,4327.055,4333.67,4311.04,4333.67
XAUUSD,2026-08-14 06:00:00+00:00,4333.62,4336.82,4328.05,4335.785
XAUUSD,2026-08-14 07:00:00+00:00,4335.76,4345.385,4329.81,4343.83
XAUUSD,2026-08-14 08:00:00+00:00,4343.855,4349.845,4341.935,4348.605
XAUUSD,2026-08-14 09:00:00+00:00,4348.555,4357.525,4346.14,4357.17
XAUUSD,2026-08-14 10:00:00+00:00,4357.175,4358.76,4348.095,4349.425
XAUUSD,2026-08-14 11:00:00+00:00,4349.47,4369.46,4348.63,4369.195
XAUUSD,2026-08-14 12:00:00+00:00,4369.19,4386.965,4365.79,4373.725
XAUUSD,2026-08-14 13:00:00+00:00,4373.785,4397.06,4370.32,4384.68
XAUUSD,2026-08-14 14:00:00+00:00,4384.62,4394.745,4378.885,4381.445
XAUUSD,2026-08-14 15:00:00+00:00,4381.47,4394.785,4379.075,4391.695
XAUUSD,2026-08-14 16:00:00+00:00,4391.7,4396.845,4380.415,4386.015
XAUUSD,2026-08-14 17:00:00+00:00,4386.105,4386.53,4376.47,4378.59
XAUUSD,2026-08-14 18:00:00+00:00,4378.585,4382.84,4371.005,4373.6
XAUUSD,2026-08-14 19:00:00+00:00,4373.525,4379.99,4372.115,4376.23
XAUUSD,2026-08-14 20:00:00+00:00,4376.22,4377.005,4371.495,4376.82
XAUUSD,2026-08-16 22:00:00+00:00,4372.68,4386.86,4372.31,4386.04
XAUUSD,2026-08-16 23:00:00+00:00,4386.0,4386.345,4367.29,4370.235
XAUUSD,2026-08-17 00:00:00+00:00,4370.315,4402.015,4368.1,4401.08
XAUUSD,2026-08-17 01:00:00+00:00,4401.005,4416.55,4392.055,4395.755
XAUUSD,2026-08-17 02:00:00+00:00,4395.75,4398.315,4388.455,4393.255
XAUUSD,2026-08-17 03:00:00+00:00,4393.25,4397.69,4388.285,4397.045
XAUUSD,2026-08-17 04:00:00+00:00,4397.035,4399.635,4389.015,4390.86
XAUUSD,2026-08-17 05:00:00+00:00,4390.78,4401.475,4386.94,4394.86
XAUUSD,2026-08-17 06:00:00+00:00,4394.855,4404.71,4392.815,4403.17
XAUUSD,2026-08-17 07:00:00+00:00,4403.085,4411.32,4396.08,4405.19
XAUUSD,2026-08-17 08:00:00+00:00,4405.195,4405.195,4392.69,4395.18
XAUUSD,2026-08-17 09:00:00+00:00,4395.19,4400.625,4392.55,4395.62
XAUUSD,2026-08-17 10:00:00+00:00,4395.655,4405.97,4392.03,4399.08
XAUUSD,2026-08-17 11:00:00+00:00,4399.115,4404.98,4395.46,4396.75
XAUUSD,2026-08-17 12:00:00+00:00,4396.755,4398.82,4377.355,4384.935
XAUUSD,2026-08-17 13:00:00+00:00,4385.015,4416.31,4381.94,4408.645
XAUUSD,2026-08-17 14:00:00+00:00,4408.695,4427.6,4403.805,4417.48
XAUUSD,2026-08-17 15:00:00+00:00,4417.485,4427.85,4415.335,4427.615
XAUUSD,2026-08-17 16:00:00+00:00,4427.63,4428.89,4422.675,4424.245
XAUUSD,2026-08-17 17:00:00+00:00,4424.255,4426.23,4411.205,4413.765
XAUUSD,2026-08-17 18:00:00+00:00,4413.765,4416.255,4398.205,4406.77
XAUUSD,2026-08-17 19:00:00+00:00,4406.68,4421.055,4400.405,4419.965
XAUUSD,2026-08-17 20:00:00+00:00,4419.935,4421.47,4414.61,4416.68
XAUUSD,2026-08-17 22:00:00+00:00,4416.205,4417.28,4410.49,4411.87
XAUUSD,2026-08-17 23:00:00+00:00,4411.92,4426.305,4409.89,4426.12
XAUUSD,2026-08-18 00:00:00+00:00,4426.095,4434.88,4419.06,4434.46
XAUUSD,2026-08-18 01:00:00+00:00,4434.435,4436.23,4404.32,4408.185
XAUUSD,2026-08-18 02:00:00+00:00,4408.01,4408.39,4394.175,4399.985
XAUUSD,2026-08-18 03:00:00+00:00,4400.0,4404.175,4390.63,4391.965
XAUUSD,2026-08-18 04:00:00+00:00,4391.98,4395.58,4389.02,4393.69
XAUUSD,2026-08-18 05:00:00+00:00,4393.66,4397.66,4386.185,4394.465
XAUUSD,2026-08-18 06:00:00+00:00,4394.43,4400.395,4387.755,4398.93
XAUUSD,2026-08-18 07:00:00+00:00,4398.92,4403.735,4395.495,4395.71
XAUUSD,2026-08-18 08:00:00+00:00,4395.825,4398.775,4386.91,4393.44
XAUUSD,2026-08-18 09:00:00+00:00,4393.385,4395.08,4387.03,4393.32
XAUUSD,2026-08-18 10:00:00+00:00,4393.375,4399.68,4389.8,4397.63
XAUUSD,2026-08-18 11:00:00+00:00,4397.705,4399.055,4388.675,4396.07
XAUUSD,2026-08-18 12:00:00+00:00,4396.21,4400.85,4389.67,4394.225
XAUUSD,2026-08-18 13:00:00+00:00,4394.23,4406.9,4376.195,4394.695
XAUUSD,2026-08-18 14:00:00+00:00,4394.705,4406.48,4363.775,4366.685
XAUUSD,2026-08-18 15:00:00+00:00,4366.725,4377.795,4351.765,4364.925
XAUUSD,2026-08-18 16:00:00+00:00,4364.92,4371.73,4363.125,4363.835
XAUUSD,2026-08-18 17:00:00+00:00,4363.83,4368.355,4356.85,4357.725
XAUUSD,2026-08-18 18:00:00+00:00,4357.755,4361.12,4352.705,4354.43
XAUUSD,2026-08-18 19:00:00+00:00,4354.43,4358.76,4338.395,4345.725
XAUUSD,2026-08-18 20:00:00+00:00,4345.785,4346.665,4329.265,4334.575
XAUUSD,2026-08-18 22:00:00+00:00,4341.965,4343.83,4332.77,4333.83
XAUUSD,2026-08-18 23:00:00+00:00,4334.045,4338.45,4327.27,4333.105
XAUUSD,2026-08-19 00:00:00+00:00,4333.14,4347.42,4331.635,4338.155
XAUUSD,2026-08-19 01:00:00+00:00,4338.015,4357.765,4324.68,4356.63
XAUUSD,2026-08-19 02:00:00+00:00,4356.72,4362.165,4351.545,4355.085
XAUUSD,2026-08-19 03:00:00+00:00,4355.055,4360.51,4351.96,4355.06
XAUUSD,2026-08-19 04:00:00+00:00,4355.15,4356.29,4344.005,4348.555
XAUUSD,2026-08-19 05:00:00+00:00,4348.53,4350.865,4335.175,4335.695
XAUUSD,2026-08-19 06:00:00+00:00,4335.635,4349.465,4335.415,4349.15
XAUUSD,2026-08-19 07:00:00+00:00,4349.095,4363.34,4347.54,4354.905
XAUUSD,2026-08-19 08:00:00+00:00,4354.805,4363.2,4351.105,4355.735
XAUUSD,2026-08-19 09:00:00+00:00,4355.66,4362.095,4353.45,4362.025
XAUUSD,2026-08-19 10:00:00+00:00,4362.045,4369.585,4359.755,4367.41
XAUUSD,2026-08-19 11:00:00+00:00,4367.435,4374.19,4363.305,4364.655
XAUUSD,2026-08-19 12:00:00+00:00,4364.65,4442.47,4362.115,4438.87
XAUUSD,2026-08-19 13:00:00+00:00,4438.875,4466.29,4424.285,4459.6
XAUUSD,2026-08-19 14:00:00+00:00,4459.59,4498.73,4455.22,4488.245
XAUUSD,2026-08-19 15:00:00+00:00,4488.215,4494.465,4478.355,4493.87
XAUUSD,2026-08-19 16:00:00+00:00,4493.9,4499.425,4490.655,4493.395
XAUUSD,2026-08-19 17:00:00+00:00,4493.52,4499.1,4484.425,4486.96
XAUUSD,2026-08-19 18:00:00+00:00,4486.965,4497.215,4472.18,4495.185
XAUUSD,2026-08-19 19:00:00+00:00,4495.15,4512.27,4494.49,4511.31
XAUUSD,2026-08-19 20:00:00+00:00,4511.265,4524.34,4505.165,4522.96
XAUUSD,2026-08-19 22:00:00+00:00,4521.405,4523.72,4516.415,4518.915
XAUUSD,2026-08-19 23:00:00+00:00,4518.98,4523.86,4511.36,4511.74
XAUUSD,2026-08-20 00:00:00+00:00,4511.69,4521.44,4503.835,4504.68
XAUUSD,2026-08-20 01:00:00+00:00,4504.705,4510.22,4484.48,4489.88
XAUUSD,2026-08-20 02:00:00+00:00,4489.89,4499.76,4488.68,4490.825
XAUUSD,2026-08-20 03:00:00+00:00,4490.83,4501.255,4488.05,4498.925
XAUUSD,2026-08-20 04:00:00+00:00,4498.95,4499.345,4486.395,4488.63
XAUUSD,2026-08-20 05:00:00+00:00,4488.64,4494.135,4478.075,4481.425
XAUUSD,2026-08-20 06:00:00+00:00,4481.35,4496.065,4480.17,4493.935
XAUUSD,2026-08-20 07:00:00+00:00,4493.89,4494.145,4483.645,4491.105
XAUUSD,2026-08-20 08:00:00+00:00,4491.105,4498.78,4487.34,4489.35
XAUUSD,2026-08-20 09:00:00+00:00,4489.39,4494.295,4482.005,4482.735
XAUUSD,2026-08-20 10:00:00+00:00,4482.75,4495.145,4480.865,4490.18
XAUUSD,2026-08-20 11:00:00+00:00,4490.21,4491.34,4465.57,4467.175
XAUUSD,2026-08-20 12:00:00+00:00,4467.18,4477.1,4450.745,4474.855
XAUUSD,2026-08-20 13:00:00+00:00,4474.875,4489.335,4469.35,4481.715
XAUUSD,2026-08-20 14:00:00+00:00,4481.705,4516.315,4480.87,4516.06
XAUUSD,2026-08-20 15:00:00+00:00,4516.145,4541.045,4508.76,4521.735
XAUUSD,2026-08-20 16:00:00+00:00,4521.755,4524.885,4502.825,4510.07
XAUUSD,2026-08-20 17:00:00+00:00,4510.1,4520.485,4507.79,4520.025
XAUUSD,2026-08-20 18:00:00+00:00,4520.06,4525.365,4508.395,4522.08
XAUUSD,2026-08-20 19:00:00+00:00,4522.065,4532.235,4518.19,4528.745
XAUUSD,2026-08-20 20:00:00+00:00,4528.755,4529.205,4516.835,4518.955
XAUUSD,2026-08-20 22:00:00+00:00,4519.545,4524.42,4517.04,4524.225
XAUUSD,2026-08-20 23:00:00+00:00,4524.215,4533.05,4520.99,4526.405
XAUUSD,2026-09-08 11:09:42+00:00,4441.2998046875,4441.2998046875,4441.2998046875,4441.2998046875
XAUUSD,2026-09-08 16:22:34+00:00,4436.2998046875,4436.2998046875,4436.2998046875,4436.2998046875
XAUUSD,2026-09-08 19:40:24+00:00,4411.89990234375,4411.89990234375,4411.89990234375,4411.89990234375
XAUUSD,2026-09-08 22:22:44+00:00,4397.2001953125,4397.2001953125,4397.2001953125,4397.2001953125
XAUUSD,2026-09-09 01:00:48+00:00,4404.7001953125,4404.7001953125,4404.7001953125,4404.7001953125
XAUUSD,2026-09-09 07:09:07+00:00,4447.2998046875,4447.2998046875,4447.2998046875,4447.2998046875
XAUUSD,2026-09-09 12:45:25+00:00,4443.60009765625,4443.60009765625,4443.60009765625,4443.60009765625
XAUUSD,2026-09-09 16:57:16+00:00,4453.0,4453.0,4453.0,4453.0
XAUUSD,2026-09-09 20:41:35+00:00,4445.0,4445.0,4445.0,4445.0
XAUUSD,2026-09-09 22:58:51+00:00,4443.89990234375,4443.89990234375,4443.89990234375,4443.89990234375
XAUUSD,2026-09-10 04:14:40+00:00,4456.5,4456.5,4456.5,4456.5
XAUUSD,2026-09-10 09:24:35+00:00,4435.10009765625,4435.10009765625,4435.10009765625,4435.10009765625
XAUUSD,2026-09-10 14:06:11+00:00,4408.60009765625,4408.60009765625,4408.60009765625,4408.60009765625
XAUUSD,2026-09-10 18:07:52+00:00,4391.60009765625,4391.60009765625,4391.60009765625,4391.60009765625
XAUUSD,2026-09-10 20:59:59+00:00,4358.5,4358.5,4358.5,4358.5
XAUUSD,2026-09-10 23:48:49+00:00,4354.89990234375,4354.89990234375,4354.89990234375,4354.89990234375
XAUUSD,2026-09-11 04:14:03+00:00,4365.39990234375,4365.39990234375,4365.39990234375,4365.39990234375
XAUUSD,2026-09-11 09:21:26+00:00,4387.39990234375,4387.39990234375,4387.39990234375,4387.39990234375
XAUUSD,2026-09-11 11:11:45+00:00,4377.0,4377.0,4377.0,4377.0
XAUUSD,2026-09-11 14:06:12+00:00,4428.7001953125,4428.7001953125,4428.7001953125,4428.7001953125
XAUUSD,2026-09-11 18:12:07+00:00,4396.89990234375,4396.89990234375,4396.89990234375,4396.89990234375
XAUUSD,2026-09-11 20:00:00+00:00,4391.0,4393.7998046875,4387.2998046875,4390.0
XAUUSD,2026-09-11 20:59:59+00:00,4390.0,4390.0,4390.0,4390.0
XAUUSD,2026-09-13 22:09:46+00:00,4408.89990234375,4408.89990234375,4408.89990234375,4408.89990234375
XAUUSD,2026-09-14 00:45:10+00:00,4380.0,4380.0,4380.0,4380.0
XAUUSD,2026-09-14 05:53:28+00:00,4371.7001953125,4371.7001953125,4371.7001953125,4371.7001953125
XAUUSD,2026-09-14 12:25:17+00:00,4325.7998046875,4325.7998046875,4325.7998046875,4325.7998046875
XAUUSD,2026-09-14 18:21:08+00:00,4352.0,4352.0,4352.0,4352.0
XAUUSD,2026-09-14 22:14:31+00:00,4337.2001953125,4337.2001953125,4337.2001953125,4337.2001953125
XAUUSD,2026-09-15 01:11:21+00:00,4337.39990234375,4337.39990234375,4337.39990234375,4337.39990234375
XAUUSD,2026-09-15 07:26:21+00:00,4328.7998046875,4328.7998046875,4328.7998046875,4328.7998046875
XAUUSD,2026-09-15 13:16:08+00:00,4327.60009765625,4327.60009765625,4327.60009765625,4327.60009765625
XAUUSD,2026-09-15 17:56:13+00:00,4335.7001953125,4335.7001953125,4335.7001953125,4335.7001953125
XAUUSD,2026-09-15 20:59:59+00:00,4333.39990234375,4333.39990234375,4333.39990234375,4333.39990234375
XAUUSD,2026-09-16 01:08:05+00:00,4318.39990234375,4318.39990234375,4318.39990234375,4318.39990234375
XAUUSD,2026-09-16 07:25:21+00:00,4373.60009765625,4373.60009765625,4373.60009765625,4373.60009765625
XAUUSD,2026-09-16 13:15:01+00:00,4398.39990234375,4398.39990234375,4398.39990234375,4398.39990234375
XAUUSD,2026-09-16 17:57:36+00:00,4393.2001953125,4393.2001953125,4393.2001953125,4393.2001953125
XAUUSD,2026-09-16 20:59:59+00:00,4302.5,4302.5,4302.5,4302.5
XAUUSD,2026-09-17 00:11:19+00:00,4319.2998046875,4319.2998046875,4319.2998046875,4319.2998046875
XAUUSD,2026-09-17 05:49:40+00:00,4335.10009765625,4335.10009765625,4335.10009765625,4335.10009765625
XAUUSD,2026-09-17 11:20:20+00:00,4369.2001953125,4369.2001953125,4369.2001953125,4369.2001953125
XAUUSD,2026-09-17 16:39:17+00:00,4398.60009765625,4398.60009765625,4398.60009765625,4398.60009765625
XAUUSD,2026-09-17 19:59:59+00:00,4385.2998046875,4385.2998046875,4385.2998046875,4385.2998046875
XAUUSD,2026-09-17 23:19:35+00:00,4383.2998046875,4383.2998046875,4383.2998046875,4383.2998046875
XAUUSD,2026-09-18 04:18:07+00:00,4393.7998046875,4393.7998046875,4393.7998046875,4393.7998046875
XAUUSD,2026-09-18 09:25:17+00:00,4431.10009765625,4431.10009765625,4431.10009765625,4431.10009765625
XAUUSD,2026-09-18 14:10:24+00:00,4390.39990234375,4390.39990234375,4390.39990234375,4390.39990234375
XAUUSD,2026-09-18 18:07:40+00:00,4430.39990234375,4430.39990234375,4430.39990234375,4430.39990234375
XAUUSD,2026-09-18 20:00:00+00:00,4415.60009765625,4421.5,4414.39990234375,4415.89990234375
XAUUSD,2026-09-18 20:59:59+00:00,4415.89990234375,4415.89990234375,4415.89990234375,4415.89990234375
XAUUSD,2026-09-20 23:56:16+00:00,4410.2001953125,4410.2001953125,4410.2001953125,4410.2001953125
XAUUSD,2026-09-21 05:57:31+00:00,4390.89990234375,4390.89990234375,4390.89990234375,4390.89990234375
XAUUSD,2026-09-21 13:45:17+00:00,4389.10009765625,4389.10009765625,4389.10009765625,4389.10009765625
XAUUSD,2026-09-21 19:06:36+00:00,4380.7001953125,4380.7001953125,4380.7001953125,4380.7001953125
XAUUSD,2026-09-21 23:00:53+00:00,4400.7998046875,4400.7998046875,4400.7998046875,4400.7998046875
XAUUSD,2026-09-22 04:28:47+00:00,4373.7998046875,4373.7998046875,4373.7998046875,4373.7998046875
XAUUSD,2026-09-22 09:40:01+00:00,4353.2001953125,4353.2001953125,4353.2001953125,4353.2001953125
NAS100_USD,2026-08-07 16:00:00+00:00,29714.2,29730.3,29569.9,29640.4
NAS100_USD,2026-08-07 17:00:00+00:00,29640.9,29668.4,29626.8,29643.8
NAS100_USD,2026-08-07 18:00:00+00:00,29643.7,29654.8,29577.2,29625.4
NAS100_USD,2026-08-07 19:00:00+00:00,29625.3,29760.5,29624.0,29733.9
NAS100_USD,2026-08-07 20:00:00+00:00,29734.2,29750.7,29703.2,29730.6
NAS100_USD,2026-08-09 22:00:00+00:00,29768.0,29781.0,29703.8,29742.3
NAS100_USD,2026-08-09 23:00:00+00:00,29742.2,29779.2,29726.4,29727.6
NAS100_USD,2026-08-10 00:00:00+00:00,29728.4,29803.0,29687.4,29700.6
NAS100_USD,2026-08-10 01:00:00+00:00,29700.4,29792.6,29690.4,29783.3
NAS100_USD,2026-08-10 02:00:00+00:00,29783.2,29797.0,29746.5,29779.0
NAS100_USD,2026-08-10 03:00:00+00:00,29779.2,29796.6,29766.8,29776.2
NAS100_USD,2026-08-10 04:00:00+00:00,29776.3,29801.2,29763.6,29779.5
NAS100_USD,2026-08-10 05:00:00+00:00,29780.4,29828.4,29778.6,29827.4
NAS100_USD,2026-08-10 06:00:00+00:00,29827.5,29859.8,29804.2,29806.6
NAS100_USD,2026-08-10 07:00:00+00:00,29806.8,29881.6,29785.0,29851.0
NAS100_USD,2026-08-10 08:00:00+00:00,29851.0,29878.9,29837.5,29869.6
NAS100_USD,2026-08-10 09:00:00+00:00,29869.6,29881.6,29833.8,29836.6
NAS100_USD,2026-08-10 10:00:00+00:00,29836.2,29856.3,29807.2,29810.2
NAS100_USD,2026-08-10 11:00:00+00:00,29810.4,29823.4,29743.7,29769.4
NAS100_USD,2026-08-10 12:00:00+00:00,29769.3,29781.6,29669.8,29675.4
NAS100_USD,2026-08-10 13:00:00+00:00,29675.5,29738.9,29617.7,29704.6
NAS100_USD,2026-08-10 14:00:00+00:00,29704.4,29797.6,29675.5,29677.2
NAS100_USD,2026-08-10 15:00:00+00:00,29677.7,29752.4,29639.0,29742.0
NAS100_USD,2026-08-10 16:00:00+00:00,29741.9,29756.3,29628.2,29677.7
NAS100_USD,2026-08-10 17:00:00+00:00,29677.8,29709.2,29642.8,29657.2
NAS100_USD,2026-08-10 18:00:00+00:00,29656.7,29682.4,29640.5,29680.4
NAS100_USD,2026-08-10 19:00:00+00:00,29680.2,29693.9,29627.8,29649.4
NAS100_USD,2026-08-10 20:00:00+00:00,29649.5,29674.9,29642.6,29669.8
NAS100_USD,2026-08-10 22:00:00+00:00,29688.8,29689.9,29627.8,29637.8
NAS100_USD,2026-08-10 23:00:00+00:00,29637.6,29639.6,29583.0,29608.6
NAS100_USD,2026-08-11 00:00:00+00:00,29608.4,29698.8,29571.6,29690.2
NAS100_USD,2026-08-11 01:00:00+00:00,29689.8,29747.4,29669.6,29723.6
NAS100_USD,2026-08-11 02:00:00+00:00,29723.4,29749.0,29717.6,29723.4
NAS100_USD,2026-08-11 03:00:00+00:00,29723.6,29752.4,29720.2,29737.0
NAS100_USD,2026-08-11 04:00:00+00:00,29737.2,29766.6,29737.0,29744.2
NAS100_USD,2026-08-11 05:00:00+00:00,29744.2,29759.2,29693.8,29698.0
NAS100_USD,2026-08-11 06:00:00+00:00,29698.2,29732.4,29637.6,29659.9
NAS100_USD,2026-08-11 07:00:00+00:00,29660.0,29684.8,29633.4,29679.6
NAS100_USD,2026-08-11 08:00:00+00:00,29679.6,29708.9,29622.9,29653.9
NAS100_USD,2026-08-11 09:00:00+00:00,29652.9,29688.6,29623.5,29674.3
NAS100_USD,2026-08-11 10:00:00+00:00,29674.4,29738.2,29655.6,29722.6
NAS100_USD,2026-08-11 11:00:00+00:00,29722.6,29791.6,29716.3,29737.1
NAS100_USD,2026-08-11 12:00:00+00:00,29737.2,29776.3,29724.6,29737.4
NAS100_USD,2026-08-11 13:00:00+00:00,29737.5,29756.0,29540.8,29638.8
NAS100_USD,2026-08-11 14:00:00+00:00,29638.4,29709.8,29624.0,29681.4
NAS100_USD,2026-08-11 15:00:00+00:00,29681.3,29697.0,29564.8,29568.0
NAS100_USD,2026-08-11 16:00:00+00:00,29568.5,29586.3,29523.0,29539.2
NAS100_USD,2026-08-11 17:00:00+00:00,29539.6,29553.9,29486.2,29542.1
NAS100_USD,2026-08-11 18:00:00+00:00,29542.4,29548.4,29446.6,29495.9
NAS100_USD,2026-08-11 19:00:00+00:00,29495.8,29573.1,29484.6,29548.6
NAS100_USD,2026-08-11 20:00:00+00:00,29548.8,29590.0,29528.0,29564.2
NAS100_USD,2026-08-11 22:00:00+00:00,29561.7,29578.3,29542.2,29563.0
NAS100_USD,2026-08-11 23:00:00+00:00,29562.8,29575.6,29547.4,29575.0
NAS100_USD,2026-08-12 00:00:00+00:00,29575.2,29592.6,29538.8,29579.8
NAS100_USD,2026-08-12 01:00:00+00:00,29579.7,29596.0,29552.4,29571.2
NAS100_USD,2026-08-12 02:00:00+00:00,29571.8,29616.0,29562.8,29615.2
NAS100_USD,2026-08-12 03:00:00+00:00,29615.4,29622.8,29598.2,29608.0
NAS100_USD,2026-08-12 04:00:00+00:00,29607.5,29628.6,29596.7,29626.6
NAS100_USD,2026-08-12 05:00:00+00:00,29626.7,29630.8,29581.6,29628.2
NAS100_USD,2026-08-12 06:00:00+00:00,29627.6,29649.9,29610.6,29649.7
NAS100_USD,2026-08-12 07:00:00+00:00,29649.8,29667.4,29640.6,29664.0
NAS100_USD,2026-08-12 08:00:00+00:00,29664.5,29712.2,29660.6,29707.0
NAS100_USD,2026-08-12 09:00:00+00:00,29707.0,29761.6,29706.2,29729.0
NAS100_USD,2026-08-12 10:00:00+00:00,29729.6,29758.0,29699.2,29728.2
NAS100_USD,2026-08-12 11:00:00+00:00,29729.2,29759.2,29718.4,29758.6
NAS100_USD,2026-08-12 12:00:00+00:00,29757.9,29852.8,29669.3,29832.4
NAS100_USD,2026-08-12 13:00:00+00:00,29832.0,29913.8,29766.4,29820.2
NAS100_USD,2026-08-12 14:00:00+00:00,29820.2,29858.2,29744.8,29780.6
NAS100_USD,2026-08-12 15:00:00+00:00,29780.4,29804.2,29731.7,29744.8
NAS100_USD,2026-08-12 16:00:00+00:00,29745.2,29830.2,29742.2,29818.2
NAS100_USD,2026-08-12 17:00:00+00:00,29818.4,29837.2,29802.4,29823.2
NAS100_USD,2026-08-12 18:00:00+00:00,29823.2,29841.0,29798.0,29803.2
NAS100_USD,2026-08-12 19:00:00+00:00,29803.2,29817.2,29738.9,29765.9
NAS100_USD,2026-08-12 20:00:00+00:00,29765.8,29818.9,29723.6,29723.8
NAS100_USD,2026-08-12 22:00:00+00:00,29738.2,29740.3,29696.0,29712.5
NAS100_USD,2026-08-12 23:00:00+00:00,29712.7,29729.7,29707.6,29719.8
NAS100_USD,2026-08-13 00:00:00+00:00,29720.0,29781.0,29711.5,29761.2
NAS100_USD,2026-08-13 01:00:00+00:00,29760.2,29780.0,29723.2,29772.0
NAS100_USD,2026-08-13 02:00:00+00:00,29772.0,29792.2,29748.6,29783.8
NAS100_USD,2026-08-13 03:00:00+00:00,29783.0,29794.8,29780.4,29793.6
NAS100_USD,2026-08-13 04:00:00+00:00,29793.2,29810.6,29769.2,29794.3
NAS100_USD,2026-08-13 05:00:00+00:00,29794.2,29838.6,29789.8,29799.0
NAS100_USD,2026-08-13 06:00:00+00:00,29799.4,29820.2,29773.8,29803.6
NAS100_USD,2026-08-13 07:00:00+00:00,29803.6,29808.2,29760.2,29775.2
NAS100_USD,2026-08-13 08:00:00+00:00,29775.6,29789.8,29742.6,29776.0
NAS100_USD,2026-08-13 09:00:00+00:00,29775.8,29794.4,29736.2,29791.6
NAS100_USD,2026-08-13 10:00:00+00:00,29791.6,29801.2,29778.2,29795.6
NAS100_USD,2026-08-13 11:00:00+00:00,29796.6,29809.6,29770.6,29783.6
NAS100_USD,2026-08-13 12:00:00+00:00,29783.4,29804.2,29728.0,29795.2
NAS100_USD,2026-08-13 13:00:00+00:00,29795.4,30095.8,29778.8,30090.7
NAS100_USD,2026-08-13 14:00:00+00:00,30091.4,30181.9,30071.0,30114.4
NAS100_USD,2026-08-13 15:00:00+00:00,30114.7,30153.4,30019.8,30031.9
NAS100_USD,2026-08-13 16:00:00+00:00,30032.0,30120.2,30031.2,30110.4
NAS100_USD,2026-08-13 17:00:00+00:00,30110.9,30166.8,30109.6,30121.4
NAS100_USD,2026-08-13 18:00:00+00:00,30121.7,30162.7,30098.2,30160.9
NAS100_USD,2026-08-13 19:00:00+00:00,30161.2,30189.8,30090.6,30110.9
NAS100_USD,2026-08-13 20:00:00+00:00,30111.3,30135.9,30062.0,30133.2
NAS100_USD,2026-08-13 22:00:00+00:00,30108.0,30132.2,30105.5,30119.0
NAS100_USD,2026-08-13 23:00:00+00:00,30118.8,30141.5,30105.8,30118.6
NAS100_USD,2026-08-14 00:00:00+00:00,30118.6,30147.2,30082.2,30085.2
NAS100_USD,2026-08-14 01:00:00+00:00,30085.0,30085.2,30039.9,30067.2
NAS100_USD,2026-08-14 02:00:00+00:00,30067.2,30096.2,30065.0,30069.8
NAS100_USD,2026-08-14 03:00:00+00:00,30069.6,30096.8,30066.0,30068.0
NAS100_USD,2026-08-14 04:00:00+00:00,30068.0,30080.6,30053.6,30063.2
NAS100_USD,2026-08-14 05:00:00+00:00,30063.4,30096.9,30043.6,30089.6
NAS100_USD,2026-08-14 06:00:00+00:00,30089.8,30093.6,30064.0,30088.2
NAS100_USD,2026-08-14 07:00:00+00:00,30088.4,30118.8,30086.8,30109.6
NAS100_USD,2026-08-14 08:00:00+00:00,30110.3,30155.6,30102.8,30136.9
NAS100_USD,2026-08-14 09:00:00+00:00,30136.8,30151.7,30122.6,30150.0
NAS100_USD,2026-08-14 10:00:00+00:00,30150.6,30167.2,30138.0,30166.9
NAS100_USD,2026-08-14 11:00:00+00:00,30166.8,30183.2,30152.9,30179.8
NAS100_USD,2026-08-14 12:00:00+00:00,30179.7,30195.4,30124.7,30183.8
NAS100_USD,2026-08-14 13:00:00+00:00,30183.7,30198.0,30086.0,30143.0
NAS100_USD,2026-08-14 14:00:00+00:00,30142.5,30187.7,30038.4,30038.4
NAS100_USD,2026-08-14 15:00:00+00:00,30039.2,30057.8,29947.9,29985.1
NAS100_USD,2026-08-14 16:00:00+00:00,29985.2,30026.1,29969.6,29977.6
NAS100_USD,2026-08-14 17:00:00+00:00,29977.6,30003.2,29967.1,30000.2
NAS100_USD,2026-08-14 18:00:00+00:00,30000.1,30022.6,29981.6,30007.1
NAS100_USD,2026-08-14 19:00:00+00:00,30007.4,30066.7,29995.8,30063.7
NAS100_USD,2026-08-14 20:00:00+00:00,30063.6,30071.6,30046.1,30066.2
NAS100_USD,2026-08-16 22:00:00+00:00,30089.6,30129.0,30088.5,30124.0
NAS100_USD,2026-08-16 23:00:00+00:00,30124.0,30146.0,30110.2,30133.6
NAS100_USD,2026-08-17 00:00:00+00:00,30133.6,30145.2,30104.2,30119.8
NAS100_USD,2026-08-17 01:00:00+00:00,30119.7,30156.8,30105.4,30110.2
NAS100_USD,2026-08-17 02:00:00+00:00,30110.4,30149.2,30104.2,30141.0
NAS100_USD,2026-08-17 03:00:00+00:00,30141.0,30164.9,30140.6,30164.8
NAS100_USD,2026-08-17 04:00:00+00:00,30164.4,30171.8,30151.7,30153.4
NAS100_USD,2026-08-17 05:00:00+00:00,30154.0,30192.4,30149.0,30191.0
NAS100_USD,2026-08-17 06:00:00+00:00,30191.2,30245.2,30186.0,30242.9
NAS100_USD,2026-08-17 07:00:00+00:00,30242.8,30250.0,30179.5,30231.0
NAS100_USD,2026-08-17 08:00:00+00:00,30229.8,30246.0,30202.5,30216.4
NAS100_USD,2026-08-17 09:00:00+00:00,30216.5,30221.2,30186.0,30200.0
NAS100_USD,2026-08-17 10:00:00+00:00,30200.0,30258.0,30195.0,30233.2
NAS100_USD,2026-08-17 11:00:00+00:00,30233.4,30243.2,30204.9,30205.0
NAS100_USD,2026-08-17 12:00:00+00:00,30205.6,30207.0,30099.7,30120.8
NAS100_USD,2026-08-17 13:00:00+00:00,30120.4,30184.0,30084.2,30153.2
NAS100_USD,2026-08-17 14:00:00+00:00,30153.0,30164.2,30075.9,30162.2
NAS100_USD,2026-08-17 15:00:00+00:00,30162.6,30204.9,30135.2,30166.2
NAS100_USD,2026-08-17 16:00:00+00:00,30166.3,30170.1,30102.2,30110.6
NAS100_USD,2026-08-17 17:00:00+00:00,30110.4,30114.0,30013.6,30029.0
NAS100_USD,2026-08-17 18:00:00+00:00,30029.1,30063.4,30006.6,30049.1
NAS100_USD,2026-08-17 19:00:00+00:00,30049.6,30051.2,29993.6,30017.4
NAS100_USD,2026-08-17 20:00:00+00:00,30018.2,30024.2,29982.1,30000.9
NAS100_USD,2026-08-17 22:00:00+00:00,30008.2,30017.4,29989.0,30005.6
NAS100_USD,2026-08-17 23:00:00+00:00,30005.4,30026.8,29997.1,30021.2
NAS100_USD,2026-08-18 00:00:00+00:00,30021.0,30047.6,30010.2,30025.2
NAS100_USD,2026-08-18 01:00:00+00:00,30025.4,30036.3,29897.5,29938.8
NAS100_USD,2026-08-18 02:00:00+00:00,29939.0,29948.2,29807.2,29835.1
NAS100_USD,2026-08-18 03:00:00+00:00,29835.2,29842.2,29779.8,29819.6
NAS100_USD,2026-08-18 04:00:00+00:00,29819.6,29853.5,29797.2,29844.0
NAS100_USD,2026-08-18 05:00:00+00:00,29844.1,29845.2,29763.0,29767.4
NAS100_USD,2026-08-18 06:00:00+00:00,29767.0,29822.2,29712.4,29819.8
NAS100_USD,2026-08-18 07:00:00+00:00,29819.1,29823.3,29735.2,29737.0
NAS100_USD,2026-08-18 08:00:00+00:00,29736.8,29740.6,29662.4,29693.1
NAS100_USD,2026-08-18 09:00:00+00:00,29693.0,29704.2,29614.0,29659.2
NAS100_USD,2026-08-18 10:00:00+00:00,29659.1,29678.8,29631.2,29665.2
NAS100_USD,2026-08-18 11:00:00+00:00,29667.5,29700.0,29653.8,29674.2
NAS100_USD,2026-08-18 12:00:00+00:00,29674.4,29712.0,29607.8,29639.8
NAS100_USD,2026-08-18 13:00:00+00:00,29639.8,29695.8,29531.5,29573.4
NAS100_USD,2026-08-18 14:00:00+00:00,29574.1,29632.0,29463.3,29474.4
NAS100_USD,2026-08-18 15:00:00+00:00,29474.3,29572.6,29440.8,29568.3
NAS100_USD,2026-08-18 16:00:00+00:00,29568.6,29602.8,29535.6,29581.3
NAS100_USD,2026-08-18 17:00:00+00:00,29581.6,29592.6,29497.6,29497.6
NAS100_USD,2026-08-18 18:00:00+00:00,29497.6,29546.1,29479.2,29503.3
NAS100_USD,2026-08-18 19:00:00+00:00,29503.2,29540.7,29491.3,29517.6
NAS100_USD,2026-08-18 20:00:00+00:00,29518.1,29528.8,29482.1,29492.8
NAS100_USD,2026-08-18 22:00:00+00:00,29499.8,29524.6,29448.9,29451.2
NAS100_USD,2026-08-18 23:00:00+00:00,29451.1,29499.0,29446.8,29459.6
NAS100_USD,2026-08-19 00:00:00+00:00,29459.6,29517.3,29374.9,29471.9
NAS100_USD,2026-08-19 01:00:00+00:00,29471.6,29541.0,29461.8,29510.0
NAS100_USD,2026-08-19 02:00:00+00:00,29510.2,29515.0,29447.0,29463.0
NAS100_USD,2026-08-19 03:00:00+00:00,29463.2,29498.2,29447.8,29457.0
NAS100_USD,2026-08-19 04:00:00+00:00,29457.1,29474.8,29395.6,29437.2
NAS100_USD,2026-08-19 05:00:00+00:00,29437.4,29466.0,29378.5,29388.6
NAS100_USD,2026-08-19 06:00:00+00:00,29388.3,29492.8,29362.1,29490.2
NAS100_USD,2026-08-19 07:00:00+00:00,29490.3,29538.0,29452.6,29532.1
NAS100_USD,2026-08-19 08:00:00+00:00,29532.0,29572.2,29523.9,29539.6
NAS100_USD,2026-08-19 09:00:00+00:00,29539.4,29561.6,29467.8,29485.4
NAS100_USD,2026-08-19 10:00:00+00:00,29485.2,29490.2,29442.4,29452.9
NAS100_USD,2026-08-19 11:00:00+00:00,29453.6,29509.2,29438.6,29467.2
NAS100_USD,2026-08-19 12:00:00+00:00,29467.0,29688.8,29443.0,29674.0
NAS100_USD,2026-08-19 13:00:00+00:00,29674.1,29679.4,29339.5,29428.4
NAS100_USD,2026-08-19 14:00:00+00:00,29428.2,29555.6,29307.6,29554.8
NAS100_USD,2026-08-19 15:00:00+00:00,29554.8,29564.4,29484.8,29541.4
NAS100_USD,2026-08-19 16:00:00+00:00,29541.3,29601.3,29487.6,29494.1
NAS100_USD,2026-08-19 17:00:00+00:00,29494.6,29507.0,29444.6,29478.8
NAS100_USD,2026-08-19 18:00:00+00:00,29479.1,29525.6,29426.2,29469.3
NAS100_USD,2026-08-19 19:00:00+00:00,29470.6,29524.3,29419.6,29456.2
NAS100_USD,2026-08-19 20:00:00+00:00,29455.6,29493.2,29448.6,29493.1
NAS100_USD,2026-08-19 22:00:00+00:00,29502.9,29584.4,29489.1,29580.6
NAS100_USD,2026-08-19 23:00:00+00:00,29580.0,29619.4,29556.1,29560.4
NAS100_USD,2026-08-20 00:00:00+00:00,29559.9,29606.0,29512.6,29601.2
NAS100_USD,2026-08-20 01:00:00+00:00,29601.4,29614.3,29554.2,29573.4
NAS100_USD,2026-08-20 02:00:00+00:00,29573.4,29613.1,29540.6,29560.2
NAS100_USD,2026-08-20 03:00:00+00:00,29560.0,29587.2,29526.2,29548.2
NAS100_USD,2026-08-20 04:00:00+00:00,29547.9,29586.0,29538.6,29547.8
NAS100_USD,2026-08-20 05:00:00+00:00,29547.6,29571.2,29518.6,29536.0
NAS100_USD,2026-08-20 06:00:00+00:00,29535.9,29616.4,29532.6,29602.4
NAS100_USD,2026-08-20 07:00:00+00:00,29602.6,29602.7,29523.3,29524.6
NAS100_USD,2026-08-20 08:00:00+00:00,29524.7,29536.0,29386.0,29407.4
NAS100_USD,2026-08-20 09:00:00+00:00,29407.3,29476.6,29397.3,29458.0
NAS100_USD,2026-08-20 10:00:00+00:00,29458.0,29496.2,29442.8,29495.8
NAS100_USD,2026-08-20 11:00:00+00:00,29496.6,29513.2,29279.4,29291.0
NAS100_USD,2026-08-20 12:00:00+00:00,29290.9,29305.0,29171.2,29276.2
NAS100_USD,2026-08-20 13:00:00+00:00,29276.3,29400.4,29240.2,29283.2
NAS100_USD,2026-08-20 14:00:00+00:00,29284.0,29363.6,29237.4,29322.8
NAS100_USD,2026-08-20 15:00:00+00:00,29323.0,29387.6,29199.6,29260.3
NAS100_USD,2026-08-20 16:00:00+00:00,29260.6,29322.7,29236.6,29313.3
NAS100_USD,2026-08-20 17:00:00+00:00,29313.2,29315.7,29216.6,29226.1
NAS100_USD,2026-08-20 18:00:00+00:00,29226.2,29226.6,29136.8,29177.6
NAS100_USD,2026-08-20 19:00:00+00:00,29177.6,29269.1,29176.1,29239.6
NAS100_USD,2026-08-20 20:00:00+00:00,29240.0,29254.6,29197.8,29240.6
NAS100_USD,2026-08-20 22:00:00+00:00,29260.3,29260.4,29204.8,29253.0
NAS100_USD,2026-08-20 23:00:00+00:00,29253.1,29258.9,29217.4,29224.1
NAS100_USD,2026-09-04 20:00:00+00:00,29544.154296875,29544.154296875,29544.154296875,29544.154296875
NAS100_USD,2026-09-08 16:32:32+00:00,29546.927734375,29546.927734375,29546.927734375,29546.927734375
NAS100_USD,2026-09-08 19:50:23+00:00,29497.13671875,29497.13671875,29497.13671875,29497.13671875
NAS100_USD,2026-09-08 20:00:00+00:00,29507.701171875,29507.701171875,29507.701171875,29507.701171875
NAS100_USD,2026-09-09 17:07:17+00:00,29437.306640625,29437.306640625,29437.306640625,29437.306640625
NAS100_USD,2026-09-09 20:00:00+00:00,29421.552734375,29421.552734375,29421.552734375,29421.552734375
NAS100_USD,2026-09-10 14:16:07+00:00,29103.4609375,29103.4609375,29103.4609375,29103.4609375
NAS100_USD,2026-09-10 18:17:53+00:00,29127.48046875,29127.48046875,29127.48046875,29127.48046875
NAS100_USD,2026-09-10 20:00:00+00:00,29103.513671875,29103.513671875,29103.513671875,29103.513671875
NAS100_USD,2026-09-11 14:16:12+00:00,29375.6171875,29375.6171875,29375.6171875,29375.6171875
NAS100_USD,2026-09-11 18:22:06+00:00,29406.70703125,29406.70703125,29406.70703125,29406.70703125
NAS100_USD,2026-09-11 20:00:00+00:00,29368.439453125,29368.439453125,29368.439453125,29368.439453125
NAS100_USD,2026-09-14 18:31:09+00:00,29243.23828125,29243.23828125,29243.23828125,29243.23828125
NAS100_USD,2026-09-14 20:00:00+00:00,29127.158203125,29127.158203125,29127.158203125,29127.158203125
NAS100_USD,2026-09-15 18:06:13+00:00,28963.87890625,28963.87890625,28963.87890625,28963.87890625
NAS100_USD,2026-09-15 20:00:00+00:00,28937.837890625,28937.837890625,28937.837890625,28937.837890625
NAS100_USD,2026-09-16 18:07:39+00:00,29201.978515625,29201.978515625,29201.978515625,29201.978515625
NAS100_USD,2026-09-16 20:00:00+00:00,28945.060546875,28945.060546875,28945.060546875,28945.060546875
NAS100_USD,2026-09-17 16:49:20+00:00,29439.025390625,29439.025390625,29439.025390625,29439.025390625
NAS100_USD,2026-09-17 20:00:00+00:00,29446.98046875,29446.98046875,29446.98046875,29446.98046875
NAS100_USD,2026-09-18 14:20:26+00:00,29435.21875,29435.21875,29435.21875,29435.21875
NAS100_USD,2026-09-18 18:17:42+00:00,29470.60546875,29470.60546875,29470.60546875,29470.60546875
NAS100_USD,2026-09-18 20:00:00+00:00,29644.16796875,29644.16796875,29644.16796875,29644.16796875
NAS100_USD,2026-09-21 13:55:19+00:00,30109.751953125,30109.751953125,30109.751953125,30109.751953125
NAS100_USD,2026-09-21 19:16:38+00:00,30495.267578125,30495.267578125,30495.267578125,30495.267578125
NAS100_USD,2026-09-21 20:00:00+00:00,30482.3515625,30482.3515625,30482.3515625,30482.3515625
SPX500,2026-08-07 16:00:00+00:00,7757.6,7761.2,7737.7,7746.9
SPX500,2026-08-07 17:00:00+00:00,7746.6,7751.9,7744.4,7748.7
SPX500,2026-08-07 18:00:00+00:00,7748.4,7749.9,7735.9,7744.4
SPX500,2026-08-07 19:00:00+00:00,7743.9,7765.2,7743.9,7758.2
SPX500,2026-08-07 20:00:00+00:00,7758.2,7761.0,7753.0,7757.0
SPX500,2026-08-09 22:00:00+00:00,7753.2,7755.6,7742.6,7747.8
SPX500,2026-08-09 23:00:00+00:00,7748.0,7752.2,7745.8,7745.8
SPX500,2026-08-10 00:00:00+00:00,7745.8,7756.8,7744.4,7749.6
SPX500,2026-08-10 01:00:00+00:00,7749.8,7760.4,7748.6,7759.6
SPX500,2026-08-10 02:00:00+00:00,7759.6,7762.0,7756.4,7761.4
SPX500,2026-08-10 03:00:00+00:00,7761.0,7765.2,7759.6,7762.6
SPX500,2026-08-10 04:00:00+00:00,7762.8,7767.6,7761.2,7766.4
SPX500,2026-08-10 05:00:00+00:00,7766.2,7770.2,7766.2,7769.6
SPX500,2026-08-10 06:00:00+00:00,7769.8,7771.8,7763.4,7766.4
SPX500,2026-08-10 07:00:00+00:00,7766.2,7775.2,7762.6,7771.2
SPX500,2026-08-10 08:00:00+00:00,7771.2,7772.8,7768.2,7770.8
SPX500,2026-08-10 09:00:00+00:00,7770.8,7772.4,7767.6,7768.4
SPX500,2026-08-10 10:00:00+00:00,7767.8,7769.8,7762.8,7764.2
SPX500,2026-08-10 11:00:00+00:00,7764.6,7766.2,7757.4,7761.4
SPX500,2026-08-10 12:00:00+00:00,7761.2,7764.6,7750.6,7752.6
SPX500,2026-08-10 13:00:00+00:00,7752.8,7761.9,7748.8,7759.9
SPX500,2026-08-10 14:00:00+00:00,7759.6,7775.9,7759.5,7760.6
SPX500,2026-08-10 15:00:00+00:00,7760.9,7769.6,7757.1,7768.9
SPX500,2026-08-10 16:00:00+00:00,7769.0,7770.1,7744.1,7755.1
SPX500,2026-08-10 17:00:00+00:00,7755.3,7758.4,7750.6,7752.9
SPX500,2026-08-10 18:00:00+00:00,7752.6,7758.4,7748.6,7757.6
SPX500,2026-08-10 19:00:00+00:00,7757.9,7761.0,7749.6,7760.0
SPX500,2026-08-10 20:00:00+00:00,7760.0,7760.4,7755.4,7759.4
SPX500,2026-08-10 22:00:00+00:00,7762.6,7762.8,7753.2,7755.0
SPX500,2026-08-10 23:00:00+00:00,7755.4,7755.8,7748.8,7752.6
SPX500,2026-08-11 00:00:00+00:00,7752.8,7763.0,7749.8,7761.6
SPX500,2026-08-11 01:00:00+00:00,7761.6,7768.2,7759.8,7765.2
SPX500,2026-08-11 02:00:00+00:00,7765.0,7768.6,7764.6,7766.2
SPX500,2026-08-11 03:00:00+00:00,7766.6,7771.0,7766.2,7768.6
SPX500,2026-08-11 04:00:00+00:00,7768.8,7771.4,7768.6,7769.0
SPX500,2026-08-11 05:00:00+00:00,7769.0,7770.6,7762.6,7762.6
SPX500,2026-08-11 06:00:00+00:00,7762.6,7766.0,7752.6,7756.6
SPX500,2026-08-11 07:00:00+00:00,7757.0,7759.6,7752.6,7758.0
SPX500,2026-08-11 08:00:00+00:00,7758.0,7762.4,7751.8,7757.0
SPX500,2026-08-11 09:00:00+00:00,7756.8,7762.2,7753.2,7759.8
SPX500,2026-08-11 10:00:00+00:00,7760.0,7769.6,7757.2,7767.0
SPX500,2026-08-11 11:00:00+00:00,7767.6,7777.8,7766.8,7771.0
SPX500,2026-08-11 12:00:00+00:00,7771.2,7777.0,7767.0,7769.6
SPX500,2026-08-11 13:00:00+00:00,7770.0,7775.6,7753.8,7764.0
SPX500,2026-08-11 14:00:00+00:00,7764.2,7768.8,7760.0,7763.8
SPX500,2026-08-11 15:00:00+00:00,7764.3,7765.8,7744.8,7747.3
SPX500,2026-08-11 16:00:00+00:00,7747.8,7751.8,7738.3,7739.3
SPX500,2026-08-11 17:00:00+00:00,7739.6,7741.6,7730.8,7740.3
SPX500,2026-08-11 18:00:00+00:00,7739.8,7740.2,7722.2,7728.8
SPX500,2026-08-11 19:00:00+00:00,7729.1,7739.1,7726.3,7732.8
SPX500,2026-08-11 20:00:00+00:00,7733.0,7740.4,7729.6,7735.8
SPX500,2026-08-11 22:00:00+00:00,7736.6,7738.2,7732.8,7735.4
SPX500,2026-08-11 23:00:00+00:00,7735.6,7738.2,7734.4,7737.8
SPX500,2026-08-12 00:00:00+00:00,7737.8,7737.8,7731.4,7734.8
SPX500,2026-08-12 01:00:00+00:00,7734.8,7736.4,7731.2,7732.2
SPX500,2026-08-12 02:00:00+00:00,7732.2,7738.2,7732.2,7737.8
SPX500,2026-08-12 03:00:00+00:00,7738.2,7738.8,7736.4,7737.8
SPX500,2026-08-12 04:00:00+00:00,7738.0,7740.4,7736.8,7739.8
SPX500,2026-08-12 05:00:00+00:00,7740.2,7740.2,7735.4,7739.4
SPX500,2026-08-12 06:00:00+00:00,7739.2,7742.2,7736.8,7742.2
SPX500,2026-08-12 07:00:00+00:00,7741.8,7743.8,7739.8,7741.8
SPX500,2026-08-12 08:00:00+00:00,7741.8,7746.2,7740.8,7744.8
SPX500,2026-08-12 09:00:00+00:00,7745.0,7756.2,7744.8,7748.8
SPX500,2026-08-12 10:00:00+00:00,7749.2,7752.6,7741.6,7748.8
SPX500,2026-08-12 11:00:00+00:00,7749.2,7753.8,7747.2,7753.2
SPX500,2026-08-12 12:00:00+00:00,7753.0,7769.6,7743.2,7767.2
SPX500,2026-08-12 13:00:00+00:00,7767.2,7776.4,7748.1,7753.1
SPX500,2026-08-12 14:00:00+00:00,7753.4,7760.1,7739.3,7749.1
SPX500,2026-08-12 15:00:00+00:00,7749.4,7751.9,7742.6,7747.4
SPX500,2026-08-12 16:00:00+00:00,7747.8,7758.5,7747.1,7756.1
SPX500,2026-08-12 17:00:00+00:00,7756.0,7759.9,7753.1,7755.1
SPX500,2026-08-12 18:00:00+00:00,7755.4,7763.4,7754.6,7757.6
SPX500,2026-08-12 19:00:00+00:00,7757.9,7761.0,7747.1,7752.1
SPX500,2026-08-12 20:00:00+00:00,7752.3,7760.4,7750.2,7750.2
SPX500,2026-08-12 22:00:00+00:00,7753.4,7754.4,7750.0,7751.8
SPX500,2026-08-12 23:00:00+00:00,7751.8,7754.8,7750.6,7751.6
SPX500,2026-08-13 00:00:00+00:00,7751.4,7756.6,7750.6,7753.6
SPX500,2026-08-13 01:00:00+00:00,7753.4,7754.4,7747.6,7753.4
SPX500,2026-08-13 02:00:00+00:00,7753.4,7756.8,7751.4,7756.0
SPX500,2026-08-13 03:00:00+00:00,7755.6,7758.6,7755.4,7758.0
SPX500,2026-08-13 04:00:00+00:00,7757.6,7760.6,7755.0,7758.8
SPX500,2026-08-13 05:00:00+00:00,7759.0,7763.6,7758.4,7759.6
SPX500,2026-08-13 06:00:00+00:00,7759.8,7762.8,7757.0,7761.0
SPX500,2026-08-13 07:00:00+00:00,7761.4,7762.8,7757.0,7761.0
SPX500,2026-08-13 08:00:00+00:00,7761.0,7766.0,7758.4,7764.8
SPX500,2026-08-13 09:00:00+00:00,7764.8,7767.8,7761.0,7767.6
SPX500,2026-08-13 10:00:00+00:00,7767.8,7768.6,7766.0,7768.0
SPX500,2026-08-13 11:00:00+00:00,7768.4,7772.0,7766.0,7767.0
SPX500,2026-08-13 12:00:00+00:00,7767.4,7773.2,7761.4,7771.6
SPX500,2026-08-13 13:00:00+00:00,7771.4,7804.6,7768.8,7804.1
SPX500,2026-08-13 14:00:00+00:00,7803.8,7821.6,7801.1,7805.1
SPX500,2026-08-13 15:00:00+00:00,7805.6,7809.8,7781.7,7782.9
SPX500,2026-08-13 16:00:00+00:00,7782.8,7795.9,7782.4,7795.2
SPX500,2026-08-13 17:00:00+00:00,7795.7,7802.7,7794.3,7795.7
SPX500,2026-08-13 18:00:00+00:00,7795.8,7807.4,7794.9,7805.7
SPX500,2026-08-13 19:00:00+00:00,7805.4,7812.2,7801.9,7806.9
SPX500,2026-08-13 20:00:00+00:00,7807.2,7809.2,7802.2,7809.0
SPX500,2026-08-13 22:00:00+00:00,7807.4,7809.6,7805.6,7806.8
SPX500,2026-08-13 23:00:00+00:00,7807.0,7810.4,7806.6,7808.4
SPX500,2026-08-14 00:00:00+00:00,7809.0,7811.4,7806.0,7807.2
SPX500,2026-08-14 01:00:00+00:00,7806.8,7807.4,7803.0,7806.2
SPX500,2026-08-14 02:00:00+00:00,7806.4,7810.0,7806.2,7807.6
SPX500,2026-08-14 03:00:00+00:00,7808.0,7810.4,7807.0,7807.0
SPX500,2026-08-14 04:00:00+00:00,7807.0,7808.2,7805.6,7806.2
SPX500,2026-08-14 05:00:00+00:00,7806.4,7808.6,7804.2,7807.4
SPX500,2026-08-14 06:00:00+00:00,7807.6,7807.6,7803.4,7804.4
SPX500,2026-08-14 07:00:00+00:00,7804.6,7807.4,7803.0,7806.2
SPX500,2026-08-14 08:00:00+00:00,7806.4,7811.4,7805.0,7809.2
SPX500,2026-08-14 09:00:00+00:00,7809.0,7810.4,7806.6,7810.4
SPX500,2026-08-14 10:00:00+00:00,7810.2,7812.2,7808.6,7811.4
SPX500,2026-08-14 11:00:00+00:00,7812.0,7813.2,7809.2,7812.0
SPX500,2026-08-14 12:00:00+00:00,7812.4,7814.4,7804.0,7813.0
SPX500,2026-08-14 13:00:00+00:00,7813.0,7813.4,7802.3,7809.1
SPX500,2026-08-14 14:00:00+00:00,7808.8,7813.2,7792.4,7792.4
SPX500,2026-08-14 15:00:00+00:00,7792.7,7796.3,7783.8,7788.1
SPX500,2026-08-14 16:00:00+00:00,7788.6,7793.8,7782.3,7782.8
SPX500,2026-08-14 17:00:00+00:00,7783.1,7787.1,7780.3,7784.1
SPX500,2026-08-14 18:00:00+00:00,7784.6,7791.1,7783.3,7788.1
SPX500,2026-08-14 19:00:00+00:00,7787.8,7790.1,7784.6,7789.3
SPX500,2026-08-14 20:00:00+00:00,7789.5,7789.5,7783.6,7786.4
SPX500,2026-08-16 22:00:00+00:00,7788.0,7793.6,7787.0,7792.8
SPX500,2026-08-16 23:00:00+00:00,7792.6,7795.8,7791.6,7795.0
SPX500,2026-08-17 00:00:00+00:00,7794.8,7796.6,7790.8,7793.6
SPX500,2026-08-17 01:00:00+00:00,7793.4,7796.0,7789.8,7790.6
SPX500,2026-08-17 02:00:00+00:00,7790.4,7792.8,7789.0,7791.6
SPX500,2026-08-17 03:00:00+00:00,7791.4,7795.4,7790.8,7795.4
SPX500,2026-08-17 04:00:00+00:00,7795.4,7796.0,7794.4,7795.0
SPX500,2026-08-17 05:00:00+00:00,7795.0,7800.0,7794.8,7800.0
SPX500,2026-08-17 06:00:00+00:00,7800.2,7802.8,7799.2,7802.4
SPX500,2026-08-17 07:00:00+00:00,7802.8,7803.8,7796.0,7801.8
SPX500,2026-08-17 08:00:00+00:00,7801.6,7802.0,7796.4,7798.8
SPX500,2026-08-17 09:00:00+00:00,7799.0,7800.4,7797.0,7797.6
SPX500,2026-08-17 10:00:00+00:00,7797.8,7807.4,7795.6,7799.0
SPX500,2026-08-17 11:00:00+00:00,7799.0,7801.2,7795.8,7796.0
SPX500,2026-08-17 12:00:00+00:00,7796.2,7797.6,7784.0,7786.4
SPX500,2026-08-17 13:00:00+00:00,7786.2,7792.1,7775.8,7777.2
SPX500,2026-08-17 14:00:00+00:00,7777.1,7781.6,7772.8,7776.6
SPX500,2026-08-17 15:00:00+00:00,7776.7,7783.1,7773.7,7779.2
SPX500,2026-08-17 16:00:00+00:00,7779.5,7782.5,7772.5,7773.0
SPX500,2026-08-17 17:00:00+00:00,7772.7,7774.0,7757.2,7760.2
SPX500,2026-08-17 18:00:00+00:00,7760.5,7764.0,7758.2,7761.2
SPX500,2026-08-17 19:00:00+00:00,7761.1,7761.7,7751.2,7753.5
SPX500,2026-08-17 20:00:00+00:00,7753.4,7754.2,7748.6,7750.2
SPX500,2026-08-17 22:00:00+00:00,7751.6,7753.6,7747.6,7750.4
SPX500,2026-08-17 23:00:00+00:00,7750.2,7753.4,7748.4,7753.2
SPX500,2026-08-18 00:00:00+00:00,7752.8,7755.4,7751.2,7751.6
SPX500,2026-08-18 01:00:00+00:00,7752.2,7753.2,7740.2,7746.4
SPX500,2026-08-18 02:00:00+00:00,7746.6,7746.8,7729.2,7734.2
SPX500,2026-08-18 03:00:00+00:00,7734.2,7734.6,7726.2,7728.6
SPX500,2026-08-18 04:00:00+00:00,7728.8,7729.6,7724.6,7728.4
SPX500,2026-08-18 05:00:00+00:00,7728.6,7728.6,7719.4,7720.2
SPX500,2026-08-18 06:00:00+00:00,7719.8,7727.2,7711.8,7726.8
SPX500,2026-08-18 07:00:00+00:00,7726.8,7726.8,7710.8,7711.2
SPX500,2026-08-18 08:00:00+00:00,7711.6,7716.8,7702.6,7714.8
SPX500,2026-08-18 09:00:00+00:00,7714.8,7716.4,7707.4,7714.6
SPX500,2026-08-18 10:00:00+00:00,7715.4,7719.2,7713.4,7716.6
SPX500,2026-08-18 11:00:00+00:00,7717.0,7723.2,7715.8,7719.8
SPX500,2026-08-18 12:00:00+00:00,7719.8,7724.0,7713.6,7720.6
SPX500,2026-08-18 13:00:00+00:00,7720.4,7721.4,7704.0,7710.1
SPX500,2026-08-18 14:00:00+00:00,7710.0,7717.9,7701.6,7704.4
SPX500,2026-08-18 15:00:00+00:00,7704.5,7712.3,7698.4,7709.0
SPX500,2026-08-18 16:00:00+00:00,7709.3,7714.3,7706.5,7712.0
SPX500,2026-08-18 17:00:00+00:00,7711.5,7713.8,7701.8,7701.8
SPX500,2026-08-18 18:00:00+00:00,7701.7,7711.4,7700.3,7703.0
SPX500,2026-08-18 19:00:00+00:00,7702.5,7708.3,7696.0,7701.0
SPX500,2026-08-18 20:00:00+00:00,7701.0,7701.8,7697.2,7699.0
SPX500,2026-08-18 22:00:00+00:00,7699.6,7702.6,7692.8,7693.2
SPX500,2026-08-18 23:00:00+00:00,7693.0,7699.6,7692.2,7696.0
SPX500,2026-08-19 00:00:00+00:00,7695.8,7701.2,7687.4,7696.2
SPX500,2026-08-19 01:00:00+00:00,7695.8,7702.0,7694.6,7696.6
SPX500,2026-08-19 02:00:00+00:00,7696.8,7697.4,7691.4,7694.4
SPX500,2026-08-19 03:00:00+00:00,7695.0,7697.2,7691.2,7692.0
SPX500,2026-08-19 04:00:00+00:00,7691.6,7694.2,7684.6,7689.4
SPX500,2026-08-19 05:00:00+00:00,7689.4,7693.4,7683.6,7685.0
SPX500,2026-08-19 06:00:00+00:00,7685.0,7700.2,7683.6,7699.8
SPX500,2026-08-19 07:00:00+00:00,7700.0,7704.0,7694.6,7703.6
SPX500,2026-08-19 08:00:00+00:00,7703.8,7707.2,7702.2,7703.4
SPX500,2026-08-19 09:00:00+00:00,7703.4,7706.0,7697.2,7698.6
SPX500,2026-08-19 10:00:00+00:00,7699.0,7701.4,7695.0,7698.6
SPX500,2026-08-19 11:00:00+00:00,7698.8,7704.6,7698.4,7703.2
SPX500,2026-08-19 12:00:00+00:00,7702.6,7743.4,7700.2,7733.4
SPX500,2026-08-19 13:00:00+00:00,7733.6,7736.0,7706.3,7724.9
SPX500,2026-08-19 14:00:00+00:00,7725.2,7747.4,7712.3,7747.2
SPX500,2026-08-19 15:00:00+00:00,7747.3,7750.2,7726.1,7731.4
SPX500,2026-08-19 16:00:00+00:00,7731.1,7745.4,7720.1,7722.1
SPX500,2026-08-19 17:00:00+00:00,7722.4,7727.4,7715.6,7720.6
SPX500,2026-08-19 18:00:00+00:00,7720.8,7730.5,7715.1,7720.6
SPX500,2026-08-19 19:00:00+00:00,7720.9,7729.4,7708.0,7717.4
SPX500,2026-08-19 20:00:00+00:00,7717.4,7718.8,7712.2,7717.2
SPX500,2026-08-19 22:00:00+00:00,7718.2,7728.4,7716.4,7727.2
SPX500,2026-08-19 23:00:00+00:00,7727.4,7730.8,7725.0,7725.2
SPX500,2026-08-20 00:00:00+00:00,7725.0,7727.8,7719.2,7727.4
SPX500,2026-08-20 01:00:00+00:00,7727.0,7729.2,7722.0,7723.8
SPX500,2026-08-20 02:00:00+00:00,7723.8,7728.2,7720.0,7722.8
SPX500,2026-08-20 03:00:00+00:00,7722.8,7727.0,7721.4,7724.4
SPX500,2026-08-20 04:00:00+00:00,7724.4,7727.8,7723.0,7724.4
SPX500,2026-08-20 05:00:00+00:00,7724.0,7725.8,7719.2,7720.0
SPX500,2026-08-20 06:00:00+00:00,7720.2,7730.2,7720.0,7727.4
SPX500,2026-08-20 07:00:00+00:00,7727.8,7727.8,7715.0,7715.2
SPX500,2026-08-20 08:00:00+00:00,7715.4,7718.8,7700.4,7703.8
SPX500,2026-08-20 09:00:00+00:00,7703.8,7712.2,7702.4,7709.0
SPX500,2026-08-20 10:00:00+00:00,7708.8,7715.8,7707.0,7715.8
SPX500,2026-08-20 11:00:00+00:00,7716.2,7718.4,7688.2,7689.4
SPX500,2026-08-20 12:00:00+00:00,7689.4,7689.8,7665.4,7681.8
SPX500,2026-08-20 13:00:00+00:00,7681.8,7701.2,7678.0,7689.0
SPX500,2026-08-20 14:00:00+00:00,7688.7,7698.2,7676.9,7695.2
SPX500,2026-08-20 15:00:00+00:00,7695.5,7705.0,7675.6,7681.5
SPX500,2026-08-20 16:00:00+00:00,7681.2,7690.6,7677.9,7688.1
SPX500,2026-08-20 17:00:00+00:00,7688.4,7688.4,7666.4,7669.4
SPX500,2026-08-20 18:00:00+00:00,7669.1,7669.4,7655.4,7656.6
SPX500,2026-08-20 19:00:00+00:00,7656.9,7662.4,7645.1,7651.1
SPX500,2026-08-20 20:00:00+00:00,7651.4,7653.6,7643.8,7653.4
SPX500,2026-08-20 22:00:00+00:00,7655.4,7655.4,7649.0,7655.0
SPX500,2026-08-20 23:00:00+00:00,7654.8,7655.0,7649.8,7651.8
SPX500,2026-09-04 20:00:00+00:00,7718.60009765625,7718.60009765625,7718.60009765625,7718.60009765625
SPX500,2026-09-08 16:32:34+00:00,7686.14013671875,7686.14013671875,7686.14013671875,7686.14013671875
SPX500,2026-09-08 19:50:23+00:00,7675.740234375,7675.740234375,7675.740234375,7675.740234375
SPX500,2026-09-08 20:00:00+00:00,7673.52001953125,7673.52001953125,7673.52001953125,7673.52001953125
SPX500,2026-09-09 17:07:17+00:00,7641.02978515625,7641.02978515625,7641.02978515625,7641.02978515625
SPX500,2026-09-09 20:00:00+00:00,7636.35986328125,7636.35986328125,7636.35986328125,7636.35986328125
SPX500,2026-09-10 14:16:12+00:00,7587.10986328125,7587.10986328125,7587.10986328125,7587.10986328125
SPX500,2026-09-10 18:17:55+00:00,7588.89990234375,7588.89990234375,7588.89990234375,7588.89990234375
SPX500,2026-09-10 20:00:00+00:00,7591.7001953125,7591.7001953125,7591.7001953125,7591.7001953125
SPX500,2026-09-11 14:16:15+00:00,7663.02978515625,7663.02978515625,7663.02978515625,7663.02978515625
SPX500,2026-09-11 18:22:08+00:00,7667.0,7667.0,7667.0,7667.0
SPX500,2026-09-11 20:00:00+00:00,7656.97998046875,7656.97998046875,7656.97998046875,7656.97998046875
SPX500,2026-09-14 18:31:12+00:00,7633.1298828125,7633.1298828125,7633.1298828125,7633.1298828125
SPX500,2026-09-14 20:00:00+00:00,7619.97998046875,7619.97998046875,7619.97998046875,7619.97998046875
SPX500,2026-09-15 18:06:14+00:00,7586.72998046875,7586.72998046875,7586.72998046875,7586.72998046875
SPX500,2026-09-15 20:00:00+00:00,7585.72998046875,7585.72998046875,7585.72998046875,7585.72998046875
SPX500,2026-09-16 18:07:39+00:00,7616.83984375,7616.83984375,7616.83984375,7616.83984375
SPX500,2026-09-16 20:00:00+00:00,7551.81005859375,7551.81005859375,7551.81005859375,7551.81005859375
SPX500,2026-09-17 16:49:21+00:00,7636.240234375,7636.240234375,7636.240234375,7636.240234375
SPX500,2026-09-17 20:00:00+00:00,7637.759765625,7637.759765625,7637.759765625,7637.759765625
SPX500,2026-09-18 14:20:26+00:00,7623.5498046875,7623.5498046875,7623.5498046875,7623.5498046875
SPX500,2026-09-18 18:17:32+00:00,7637.759765625,7637.759765625,7637.759765625,7637.759765625
SPX500,2026-09-18 20:00:00+00:00,7650.5,7650.5,7650.5,7650.5
SPX500,2026-09-21 13:55:19+00:00,7705.0,7705.0,7705.0,7705.0
SPX500,2026-09-21 19:16:40+00:00,7774.18994140625,7774.18994140625,7774.18994140625,7774.18994140625
SPX500,2026-09-21 20:00:00+00:00,7764.7001953125,7764.7001953125,7764.7001953125,7764.7001953125
